tilden,(376) 243-2749,nulla.vulputate@eu.co.uk,Ap #764-8889 Suspendisse St.,Los Andes,56008,test_038.jpg,RK 340AO
alex,(345) 811-5621,ipsum.Curabitur@luctusvulputate.co.uk,Ap #193-4946 Turpis. Avenue,Pallavaram,S8I 9VQ,test_004.jpg,RK-115AN
aravind,(477) 193-0352,Aliquam@montesnasceturridiculus.net,102-6750 Lacus. Avenue,Sint-Jans-Molenbeek,DW2 1RV,test_010.jpg,RK-248AH
barba,(295) 980-8946,urna@augueporttitor.org,Ap #838-8760 Nunc Street,Watson Lake,43535,test_011.jpg,RK 346AL
barba,(294) 333-7095,amet.luctus.vulputate@CuraeDonec.net,Ap #353-615 Aliquam St.,Bevagna,2478 AL,test_039.jpg,RK-892AE
alex,(799) 711-2557,feugiat@acrisus.org,"""Ap #534-552 Nec"," Rd.""",Penhold,6693,test_001.jpg,PP-587A0
tilden,(408) 731-2153,malesuada.fringilla@sociisnatoque.ca,Ap #392-2069 Rhoncus. St.,Bangalore,31002,test_015.jpg,RK 019AF
alex,(766) 301-5257,nisi.magna.sed@laciniaat.co.uk,Ap #774-1380 Ac St.,Jodoigne,84-694,test_028.jpg,M 633BD
aravind,(788) 510-5714,amet@facilisisnonbibendum.co.uk,961 Semper Av.,Strongoli,V2G 9A4,test_014.jpg,RK 576AH
rob,(572) 340-9972,ipsum.Suspendisse.non@temporarcuVestibulum.org,657-6814 Blandit Road,Poulseur,66298,test_016.jpg,BB 751BH
alex,(602) 321-3362,at.velit.Pellentesque@gravida.net,290-5942 Sodales. St.,South Burlington,T0G 3B7,test_002.jpg,RK-755AJ
gabriel,(183) 242-4940,nunc.est.mollis@malesuadafamesac.edu,967-6269 Mus. St.,Knokke-Heist,K7T 0W1,test_003.jpg,S1 819AK
sri,(844) 836-5546,Fusce.aliquet.magna@inhendreritconsectetuer.ca,849-6139 Tellus Av.,Merritt,5039 KP,test_070.jpg,2T4 0211
joe,(115) 465-9627,fringilla.cursus@molestiesodalesMauris.co.uk,"""P.O. Box 145"," 9593 Dictum Rd.""",Telfs,60151,test_064.jpg,BZM 22-27
bob,(706) 541-4544,quis@luctusvulputatenisi.ca,106 Nullam Rd.,Banff,56556,test_065.jpg,4BO 4979
karl,(903) 186-5258,Morbi.accumsan.laoreet@Nullasempertellus.co.uk,"""P.O. Box 322"," 6567 Eros. Street""",Glendale,843111,test_059.jpg,BA 3020Z
sri,(722) 986-6231,Sed.et@necquam.net,"""P.O. Box 223"," 6066 Cursus. Rd.""",Gagliano del Capo,438041,test_067.jpg,1B7 0440
karl,(851) 146-6497,Nulla.semper.tellus@neque.com,Ap #194-2816 Elementum St.,Ashburton,7590 YC,test_072.jpg,4B3 9376
tilden,(126) 799-6974,libero.Proin@egetvolutpat.com,1688 Ipsum Rd.,Vaux-sous-ChŽvremont,710548,test_066.jpg,BSE55-79
sri,(829) 437-2852,volutpat@mollisPhaselluslibero.ca,"""P.O. Box 823"," 5937 Consectetuer Street""",Leers-et-Fosteau,5549,test_089.jpg,RK 565AV
aravind,(776) 156-1225,Nulla.interdum.Curabitur@Morbisit.net,Ap #398-7488 Nec Road,Matagami,21819,test_076.jpg,482-1875
joe,(799) 748-2700,felis.eget@purusinmolestie.com,Ap #757-5818 Egestas. Street,Portland,41706,test_077.jpg,RK 735AS
drew,(852) 513-3294,dictum.augue.malesuada@loremipsum.edu,713-8978 Elit. Road,San Mauro Marchesato,18765,test_063.jpg,1B20 5790
alex,(334) 516-3454,eu.sem@estac.co.uk,Ap #621-6300 Elit Av.,San Giacomo degli Schiavoni,70116,test_088.jpg,LM-169AM
aravind,(234) 217-0071,quis@nibh.org,Ap #276-2585 Eleifend Avenue,Le Puy-en-Velay,78943,test_060.jpg,BA-30202
alex,(970) 750-4437,nec.cursus.a@maurissapiencursus.edu,104-8374 Magna Street,Lakewood,486203,test_092.jpg,RK-373AK
alex,(417) 766-4729,Mauris.non@non.org,9438 Egestas. Ave,Mostazal,R5C 8R5,test_045.jpg,RK-878AC
rob,(688) 296-8012,porttitor.scelerisque@semperNam.edu,8920 Pretium Ave,Lewiston,1313,test_044.jpg,K 878A0
gabriel,(820) 819-2794,sem.Pellentesque.ut@necorci.com,9275 Magna. Rd.,Uppingham. Cottesmore,15715,test_050.jpg,SKBB 135B0
barba,(666) 292-7654,euismod@Proin.ca,2730 In Street,Dieppe,61414,test_078.jpg,RK-457AS
tim,(585) 632-2593,lobortis@In.edu,Ap #614-1600 Urna. Road,Casoli,338284,test_087.jpg,RK-011AM
tilden,(778) 923-2871,risus.Donec@massaMaurisvestibulum.co.uk,4247 Senectus Rd.,Rigolet,FS06 2HR,test_093.jpg,RK 301AH
barba,(817) 294-1890,gravida.Aliquam.tincidunt@pede.ca,"""P.O. Box 247"," 1886 Ligula Avenue""",Hanau,97958,test_085.jpg,RK-959AD
aravind,(434) 349-4788,quis.pede@nec.net,629-821 Egestas Ave,Navidad,87245,test_091.jpg,RK 977AF
joe,(239) 611-4684,nunc.In@amet.co.uk,864-908 Ut St.,Boussu-lez-Walcourt,A5S 7H1,test_053.jpg,RK-715AA
barba,(337) 205-4093,sed@hendreritconsectetuercursus.org,"""8882 Non"," Ave""",Torquay,840362,test_084.jpg,PD-722BF
tim,(343) 469-4838,non.vestibulum.nec@tempor.co.uk,"""P.O. Box 128", 8464 Aliquet," Rd.""",Opoeteren,70240,test_042.jpg,BA 268IM
karl,(243) 500-0495,ac.sem.ut@Cum.org,"""P.O. Box 163"," 8480 Sodales. St.""",Bastia,53191,test_095.jpg,N0 626AT
barba,(863) 177-9252,et@enimSuspendisse.com,847-9954 Donec Ave,Requínoa,8173,test_081.jpg,RK 641AL
drew,(749) 778-9870,elit.Aliquam@elit.edu,4333 Arcu St.,Alcorcón,73144,test_054.jpg,RK-262AH
barba,(697) 504-0510,suscipit@duiFuscealiquam.co.uk,Ap #509-3542 Nonummy. Rd.,Cap-Rouge,9824,test_040.jpg,RK-10TAO
aravind,(581) 651-3037,at.iaculis@morbitristique.ca,1267 Mauris St.,Quispamsis,85440,test_055.jpg,NO-450AM
joe,(689) 947-8629,interdum.Nunc@veliteusem.ca,"""P.O. Box 731"," 5773 Eu Ave""",Cervinara,43220,test_082.jpg,RK 891AU
joe,(704) 822-0290,nibh.Phasellus.nulla@duiCum.ca,Ap #425-6162 Aliquet Rd.,Daknam,35-254,test_096.jpg,RK 735AS
barba,(625) 488-7453,interdum.ligula.eu@massarutrum.com,Ap #452-8702 Non Rd.,Mörfelden-Walldorf,9776,test_032.jpg,RK-763AS
rob,(435) 966-7581,lacus@elitpellentesquea.org,Ap #320-9526 Iaculis Av.,Sint-Martens-Lennik,H0Y 8C5,test_026.jpg,RK 492AU
rob,(265) 964-3509,arcu@faucibusidlibero.co.uk,Ap #877-4589 Commodo Street,Bergama,A9M 7XW,test_027.jpg,RK-776A1
rob,(961) 720-4022,mauris@elita.com,299-1379 Metus Rd.,Hertford,IS0N 9SD,test_033.jpg,RK-082AL
tim,(594) 505-0555,varius.orci@Cras.co.uk,"""P.O. Box 372"," 4362 Lorem St.""",Forlì,8075 MW,test_019.jpg,RK-865AC
tim,(421) 804-0742,volutpat@a.edu,"""P.O. Box 426"," 7706 Feugiat Road""",Yahyalı,64907-409,test_025.jpg,RK 896AO
sri,(320) 190-6264,enim.sit@velest.co.uk,Ap #212-7785 Donec Rd.,Stamford,37889,test_031.jpg,RK-619AS
alex,(294) 681-5985,Donec@justoProinnon.edu,108 Magna. St.,Machelen,A9E 8G5,test_030.jpg,RK 819AM
tim,(566) 764-1386,rutrum.lorem@egestasrhoncusProin.co.uk,"""P.O. Box 735"," 9540 Eget St.""",Kohima,25-316,test_018.jpg,RK-884AL
sri,(538) 262-5359,rutrum@ullamcorperviverra.org,Ap #126-7650 Lacus. Rd.,Eernegem,27160,test_008.jpg,LM-298A
drew,(794) 930-1131,mollis@aliquetmagna.org,Ap #915-4582 Eu St.,Newton Abbot,11185,test_035.jpg,BA 738DE
kel,(453) 332-2511,et.rutrum@fermentumarcu.ca,4427 Pretium St.,Gaspé,63012,test_021.jpg,RK 855AP
drew,(882) 686-5198,lorem.ac.risus@Aeneansedpede.edu,260-7154 Justo Rd.,Saumur,71278-225,test_037.jpg,RK-260AR
barba,(312) 209-5051,litora.torquent@amifringilla.ca,Ap #123-787 Amet St.,Wandre,28127,test_023.jpg,RK-612AL
tilden,(937) 512-8352,posuere@Proinnon.edu,8084 Nullam St.,Monceau-sur-Sambre,71704,test_036.jpg,RK 708A
